source,mode,n_img,c,c_raw,cos_lin,g_r,kappa_eff,a,b,rho,gcr,crossover,tau_star,V_over_m,norm_ratio,bias_disp,res_draw,res_mean
ARES_ConvNeXt_B,di09,379,0.6828012161035494,0.6827515866951451,0.5362338991663701,0.6282251419082934,11.389660769057778,1.0221878927877632,0.03981363835034738,815.3135293288059,0.9987749804896383,yes,0.43405439468314516,0.0017571338712312665,0.7922557238245379,0.7116829897368101,1.1217389863549725,2.3109565746870127
ARES_ConvNeXt_B,full_di,379,0.5821914246065006,0.5821250558567865,0.5032599681096352,0.7522032402667324,10.368293002466954,1.0168824775261076,0.0193860144942205,815.3135293288059,0.9987749804896383,yes,0.32036288070618524,0.0015995629010285225,0.8669126274375447,0.8844766392068807,1.0723408103006675,2.56518725502954
ARES_ConvNeXt_B,resize,379,0.7996721743436476,0.7996458798096489,0.8842157750614086,0.8330053930470428,5.439362447980083,1.0079821468270909,0.021852299548068128,815.3135293288059,0.9987749804896383,yes,0.6263103064729306,0.0008391547552684392,0.9122873135881757,0.7080093008931366,0.6328901978948602,0.7474226037966732
ARES_ConvNeXt_B,translation,379,0.6947765292938907,0.6947567798688733,0.08362664409457286,0.697933912551355,20.42398008364423,1.0357916274818533,0.08208903042668313,815.3135293288059,0.9987749804896383,yes,0.42007371739159255,0.0031508986894341826,0.8350546131268892,0.6733493988381744,1.320454796977374,3.5668822940272884
ConvNeXt_B_ImageNet,di09,422,0.5094287868642129,0.5131578890703866,0.3031395123499088,0.44445057848178765,0.22875490647757662,1.0897485687826602,0.09722323560959782,4.651530448566959,0.82305677920331,yes,0.1635166860250278,1.0737787492335467,0.6014350426241748,0.8995500192659038,1.1350163573410936,3.3124034822232855
ConvNeXt_B_ImageNet,full_di,422,0.3319416870296849,0.32927783794030197,0.21566908099463483,0.44476863066728084,0.20249602737529887,1.0815271775493667,0.07605782005993986,4.651530448566959,0.82305677920331,yes,0.03394182356127378,0.950519201305631,0.601650199864937,0.9963102430223139,1.0961528747643399,3.7088090830640486
ConvNeXt_B_ImageNet,resize,422,0.5963571099564433,0.6155902839627699,0.6872508561865414,0.9591708642353987,0.10626666033707322,1.0144276787574091,0.04367933836653395,4.651530448566959,0.82305677920331,yes,0.32136286125758884,0.49881719862980856,0.8835374854703786,0.9290704702167646,0.8536458805869871,1.2328732799623388
ConvNeXt_B_ImageNet,translation,422,0.48330633343148854,0.48151045160200356,0.0032666008467747308,0.6499932340081287,0.35852841429537957,1.0958725593703456,0.10563378834486394,4.651530448566959,0.82305677920331,yes,0.1292124963533999,1.682937420642895,0.7273298452163558,0.8994033041914595,1.2282622344523377,3.597494061157958
DenseNet121_Standard,di09,370,0.439314570982714,0.40717806207972607,0.26523148485937637,0.5036997141461459,0.13128257496260212,1.087414270478477,0.11262185133982586,1.6932559870442672,0.6287022084753788,yes,0.0824539044004074,3.1227744322946,0.5672044054958785,0.9441336004599368,1.1651332462263466,2.399786705113268
DenseNet121_Standard,full_di,370,0.3482649860349861,0.311767845218246,0.21722806492266622,0.5609211307159823,0.1252545563378053,1.084530660693149,0.08016949987781541,1.6932559870442672,0.6287022084753788,yes,0.04094045272196063,2.979387981775378,0.5985558001590873,1.0174308513233632,1.143622201716294,2.6459207567597964
DenseNet121_Standard,resize,370,0.6518059190866109,0.6418545923523,0.6810525000095368,1.064742294559637,0.0523367202280401,1.0015135505084216,0.046591526068202375,1.6932559870442672,0.6287022084753788,yes,0.3961155156201126,1.2449159520586521,0.8246620249094747,0.8373416635603148,0.8730104725662571,0.9216963498312524
DenseNet121_Standard,translation,370,0.4073754225631018,0.37272838930020463,0.005890416680690447,0.573644957949732,0.16992642992654636,1.0928637798329417,0.13898015073460648,1.6932559870442672,0.6287022084753788,yes,0.02827869495921338,4.0419828061483445,0.6053064943932454,0.9746433841536085,1.2532682551472725,2.9814148175561277
Engstrom2019Robustness_ImageNet,di09,325,0.5155178547822512,0.5108728196873115,0.4665217316379914,0.5701675635647763,1.3843323169551867,1.0633995688791957,0.06293610527029843,37.30314543127135,0.9738924835352143,yes,0.20272859600226598,0.012958200491506098,0.7456561748368559,0.9248436070835732,1.097483223867006,2.4409668599412333
Engstrom2019Robustness_ImageNet,full_di,325,0.4522438112474405,0.44731913786094923,0.45949328288435937,0.6287198656719468,0.9878771000986659,1.041194698055248,0.03455979573419015,37.30314543127135,0.9738924835352143,yes,0.16884440295634776,0.009247136231134122,0.7830075625524365,1.0081171324165636,1.0748233403871352,2.6999916628260303
Engstrom2019Robustness_ImageNet,resize,325,0.7686986000721271,0.7628944319945116,0.8514629241136404,0.6292485681536246,0.26046563130925937,1.0103464362672376,0.027976609282971847,37.30314543127135,0.9738924835352143,yes,0.5730234306951004,0.002438118239611501,0.7833367163379026,0.6800209909639813,0.6183697815687557,0.6807729090452168
Engstrom2019Robustness_ImageNet,translation,325,0.5108849144211183,0.5074111290276051,0.06818600129049554,0.5313224238850691,1.8209079939632684,1.0883150542506268,0.13269499491836637,37.30314543127135,0.9738924835352143,yes,0.13426716989842435,0.01704481689357689,0.7198076165385744,0.8791999570476656,1.2813100936340756,3.1589072743611015
InceptionV3,di09,380,0.40674786228490506,0.38385641258209946,0.21896918723972417,1.4855166786584302,0.43384188046448807,1.053840561802282,0.1267580053740991,3.0699864719548,0.7542989376277451,yes,0.04172855786251417,7.299742798902526,1.0650081763868728,1.2321556844285757,1.0758055803036464,4.6676626959323855
InceptionV3,full_di,380,0.30834289619601085,0.28310476608182256,0.16462216534357713,1.3573275787819223,0.37746669534062355,1.0558324838215163,0.10669053266545145,3.0699864719548,0.7542989376277451,no,,6.351184418129943,1.0180204743225305,1.2422136046572632,1.0691638033161204,4.678735117401084
InceptionV3,resize,380,0.6152044271364023,0.5915661259701378,0.6195549424051454,1.437321126418394,0.16629448548295775,1.0180479620472171,0.06029051768587923,3.0699864719548,0.7542989376277451,yes,0.33221978211250125,2.7980400868670516,1.0475893639451501,0.9947876568116791,0.9072298029373654,1.1815716927734636
InceptionV3,translation,380,0.3889671110401028,0.36012682365743737,0.0012221505251210688,0.9217189490237669,0.3834068260915586,1.1070176112359722,0.08742672471712551,3.0699864719548,0.7542989376277451,yes,0.06264148650035777,6.45113195345607,0.8389062575151175,1.0701966804015728,1.1746137168518893,3.944340161795999
Mo2022When_ViT-B,di09,350,0.824030818258013,0.8240264063222068,0.6677667615243367,0.850497967063375,134.53159368832536,1.0243214365347755,0.04378535395454277,6501.918953749483,0.9998462229028053,yes,0.6478511569026824,0.0030384364998335333,0.9223925791835617,0.587551302871601,1.0383143175565774,1.588432981764354
Mo2022When_ViT-B,full_di,350,0.796164813722883,0.7961570639269693,0.6553827403272902,0.9289878403551673,123.67882945626292,1.0204709059523134,0.03271158590057125,6501.918953749483,0.9998462229028053,yes,0.60861670703176,0.002793323556005767,0.9640158514748544,0.6751122309641397,1.0276902716213363,1.728756361827296
Mo2022When_ViT-B,resize,350,0.9421013270105635,0.9421011919634683,0.964365211044039,1.082722803532704,12.52821037798364,1.0017753236262241,0.02801258773860016,6501.918953749483,0.9998462229028053,yes,0.8827020083418543,0.00028295339887408276,1.0407293495047432,0.4263026538267934,0.3887453916985092,0.4340577720092067
Mo2022When_ViT-B,translation,350,0.7142140870434898,0.7142098023210253,0.17011661965932162,0.8407665889195424,237.49334512285418,1.043429596496018,0.0966701996193421,6501.918953749483,0.9998462229028053,yes,0.43668070670955983,0.005363858618672288,0.9171004000636428,0.7143706729849275,1.2436290041442581,3.2764557391507947
ResNet50,di09,404,0.3863179272335797,0.3607289069701023,0.20106783864263555,0.23095804407376339,0.05684349226830999,1.1246578830554947,0.12247473375971413,0.9918802527733261,0.4979617883114789,yes,0.026708498502637866,5.455739263312356,0.3426073960012427,0.9321089587408521,1.2783974378172867,1.858185556961861
ResNet50,full_di,404,0.2494699600530733,0.21216871293773415,0.1338148512554788,0.19412910834318406,0.044262944602714266,1.1162840137705814,0.11266795054123117,0.9918802527733261,0.4979617883114789,no,,4.248280236530717,0.3141054829685617,0.9762411980118596,1.2620775248520253,1.8710280337829048
ResNet50,resize,404,0.4819223302517935,0.4636891528567539,0.5007063866048904,0.5393177062347638,0.039349365372127534,1.018919832112739,0.05419517449048982,0.9918802527733261,0.4979617883114789,yes,0.18456453507022133,3.776683470357837,0.5235432045268572,0.8816603473255625,1.02623230653608,0.9166852333173621
ResNet50,translation,404,0.2745456425380884,0.2426747519172507,0.0017747527394255758,0.3078824239546907,0.08459364175178516,1.124863231274584,0.15091019444277412,0.9918802527733261,0.4979617883114789,no,,8.119150219577374,0.39556935219301087,0.963553806353821,1.393337937219923,2.081882552515878
Salman_eps0.5,di09,367,0.6204201136119359,0.6169970384329476,0.4423483331974504,1.2886593353570157,3.165447211152569,1.0349753975254403,0.05698959238295942,68.60246021844326,0.985632691763171,yes,0.33531317455421794,0.02209684273874317,1.126387658688873,1.0299568285795344,1.0691278980608456,3.14983775148857
Salman_eps0.5,full_di,367,0.5301833569962907,0.5270154003957311,0.40642520501113394,1.3572820335774254,2.6530675868734774,1.0278574267915308,0.04360343718866905,68.60246021844326,0.985632691763171,yes,0.24129031465040116,0.018520105796063602,1.1559894525294698,1.1485443054989775,1.0524787117514192,3.0329775814617235
Salman_eps0.5,resize,367,0.7562654714330991,0.7531566734372432,0.7992278358592,1.0527493476150394,0.723560681332458,1.0094620608148202,0.03818510070415691,68.60246021844326,0.985632691763171,yes,0.5495367279349005,0.005050915564477114,1.0180786073728842,0.8184195968755542,0.7438286920478652,0.8984324631145544
Salman_eps0.5,translation,367,0.6491013800659362,0.645572998644708,0.06382655437905033,1.043492244449622,3.2609392638213097,1.0442955322924004,0.08624242430833425,68.60246021844326,0.985632691763171,yes,0.34976158889590675,0.02276343824006339,1.0135926068581027,0.8809339315047614,1.213231151396938,4.225198602997039
Salman_eps1.0,di09,365,0.5683890990606726,0.5650706997677072,0.45647545407641016,0.6830642925321374,1.8409462695376504,1.042068642858729,0.062328809341719395,62.5834313793749,0.9842726323775539,yes,0.26612918008376246,0.014549259874021286,0.8157211099270141,0.886862940542231,1.1152163047447068,2.4694499877052447
Salman_eps1.0,full_di,365,0.4891878672964769,0.4858642139765498,0.4285890332627276,0.7503677512352299,1.4493092975747517,1.0302261844335903,0.03980699239100843,62.5834313793749,0.9842726323775539,yes,0.2014276164293976,0.011454097252684137,0.8549643193546418,0.9883956500272215,1.0837243262341107,2.515450167958044
Salman_eps1.0,resize,365,0.7483102900524662,0.744639308403616,0.8234220367588408,0.7360089826236514,0.41194284498268047,1.0084095456130377,0.033399900696224706,62.5834313793749,0.9842726323775539,yes,0.5400648006380571,0.0032556428202556555,0.8467446617697719,0.6902367184034588,0.631509185074951,0.6855522287244936
Salman_eps1.0,translation,365,0.5762776768626008,0.5733345792820193,0.06718469860816804,0.6480004132898882,2.720156809289101,1.0652902837813714,0.11168018176124121,62.5834313793749,0.9842726323775539,yes,0.2311382593598637,0.021497785661270374,0.7945085065543768,0.8578936733261,1.2784991273857684,3.4255794152573764
Salman_eps2.0,di09,353,0.48505363548992375,0.48247866597417055,0.45037741469161285,0.5868087037853489,1.7877122707658293,1.0576186880169127,0.07079719348178866,51.64473801914265,0.9810047492374949,yes,0.1666763814236606,0.015383460560374086,0.7615889006436324,0.9620132884330856,1.0912491279275387,2.719807401123607
Salman_eps2.0,full_di,353,0.4161554049257263,0.4135180076283453,0.4415998566003975,0.6541764063154432,1.1795010404893973,1.0341835142021252,0.03763343516888507,51.64473801914265,0.9810047492374949,yes,0.1360211480907311,0.010149736081140101,0.804117976214828,1.0411455801633849,1.0654815831079611,2.904893949742604
Salman_eps2.0,resize,353,0.7261459820669028,0.7230606695410212,0.839993834157841,0.5638814654804831,0.32304604236159085,1.0104587689885058,0.032756690836124626,51.64473801914265,0.9810047492374949,yes,0.505809803913198,0.0027798466974361486,0.7465626221632566,0.7220875505210134,0.6394015425522865,0.7181092463701165
Salman_eps2.0,translation,353,0.4794945350871883,0.47761152285776465,0.059423985641724034,0.5502916818585326,3.097959717120277,1.1060135129912305,0.15462834047020274,51.64473801914265,0.9810047492374949,yes,0.07913374191945598,0.02665828383307552,0.7375115170233315,0.9303034838243762,1.2409847721377165,3.266475069432061
Salman_eps4.0,di09,334,0.411648822758726,0.4091050664331028,0.4404821977811213,0.3757676194265129,1.4333779626461043,1.0942047189845288,0.08038955086461698,39.63860230010731,0.9753928544929962,yes,0.08785151891068728,0.01648843095458462,0.6030706694003998,0.9619960606000456,1.103466939849396,2.5081847456963673
Salman_eps4.0,full_di,334,0.34937918437421767,0.34666498556933895,0.44480602907206485,0.417398277941027,0.8785514162981842,1.052133707773229,0.03832029281309932,39.63860230010731,0.9753928544929962,yes,0.08260447181416289,0.010106151165421302,0.6355999533360577,1.0187485660949664,1.0868175707050427,2.8726313587156547
Salman_eps4.0,resize,334,0.7572591138814024,0.753923254991006,0.86297090985104,0.4918974238549571,0.258080511116253,1.0125419364114796,0.027518440942981295,39.63860230010731,0.9753928544929962,yes,0.554223251653315,0.002968751298791158,0.6899947784481764,0.6853832932496678,0.603606680503069,0.6783131594455416
Salman_eps4.0,translation,334,0.3733978236685256,0.37239843658255245,0.0585064877092651,0.3657133656511744,2.396577562920189,1.1602149830537805,0.20246026424227942,39.63860230010731,0.9753928544929962,no,,0.027568306966689788,0.5949479145110801,0.9431482012462261,1.2684252199292352,2.7649690779581113
Salman_eps8.0,di09,290,0.43981304152001593,0.4291386958725494,0.4108065850968505,0.4114887333616218,0.027207517915214578,1.018250934541351,0.05902570085800028,0.38869321816169644,0.2798985500024512,yes,0.14012330567760786,0.04131839208909487,0.38060197482559927,0.9522562414307194,1.2014244964109257,2.049846538566582
Salman_eps8.0,full_di,290,0.36561345883869917,0.3429721735931676,0.41728838355890635,0.39458854030019197,0.015371055531539318,1.037504700563272,0.02437681976606964,0.38869321816169644,0.2798985500024512,yes,0.1078801438490916,0.023343081175377523,0.372704208871707,0.9916744699649714,1.1995076915939666,2.2564930356714386
Salman_eps8.0,resize,290,0.6979725092135627,0.7063394172952093,0.7983746915028013,0.8292666896354961,0.0089726772792867,1.0,0.018612080612779726,0.38869321816169644,0.2798985500024512,yes,0.47743968898421174,0.013626255767607643,0.5403052325420467,0.7874317013526806,0.8134644232903,0.7833862017718363
Salman_eps8.0,translation,290,0.421961108582287,0.41041723767231253,0.055490195474402676,0.6153940418714745,0.059241401192372374,1.047077809422086,0.07796697708581034,0.38869321816169644,0.2798985500024512,yes,0.10327425587525954,0.08996628983215757,0.46544536154036165,0.9781977727216512,1.2829923156852274,2.4072569133980894
Singh2023Revisiting_ViT-B-ConvStem,di09,380,0.7766493689268827,0.7766112682850738,0.5644823555099336,0.9889671379659881,17.408481434654544,1.0115840231584987,0.02510849544926448,1517.3986397601332,0.9993414114226564,yes,0.5860011024780838,0.0008471586942852405,0.9938004597964363,0.6073624629816201,1.0806133185239906,2.169207984231172
Singh2023Revisiting_ViT-B-ConvStem,full_di,380,0.7059187495884927,0.7058640129374046,0.5384110922361479,1.1499773944228417,18.566319182471236,1.010630306362085,0.014530323521536208,1517.3986397601332,0.9993414114226564,yes,0.4856851378708315,0.0009035032018930069,1.071649867494018,0.7891746352211365,1.0379791363020938,2.321259223457645
Singh2023Revisiting_ViT-B-ConvStem,resize,380,0.8541644637387148,0.85415632993375,0.891091839111361,1.2430984017543814,6.850099561291909,1.0036216701921017,0.01498725742722519,1517.3986397601332,0.9993414114226564,yes,0.7228250043292537,0.0003333502363115862,1.1141945170699907,0.616274574977988,0.5243106222310783,0.6460393541462185
Singh2023Revisiting_ViT-B-ConvStem,translation,380,0.7535993123721135,0.7535944629264505,0.12491238281424889,0.9285621488682302,28.27896348252721,1.0200186914012421,0.07823761235600987,1517.3986397601332,0.9993414114226564,yes,0.5199449448996567,0.001376155058068863,0.9629722033041515,0.5843441563680111,1.2873531615210618,3.76738072515347
Swin_B_ImageNet,di09,409,0.17962781320927176,0.24203908775163435,0.14488944110675764,0.3880374722141364,0.03635199240735691,1.0,0.13530351031814605,0.1980139848908925,0.16528520316808018,no,,7.280847610486785,0.35525552559887863,0.9846098772684649,1.139698462338236,2.0392452758394275
Swin_B_ImageNet,full_di,409,0.10526347595032456,0.0903954654926329,0.07131359499735722,0.6241466921976373,0.06914463663247677,1.152054572898844,0.08067373745718733,0.1980139848908925,0.16528520316808018,no,,13.848802474487234,0.45055451366358884,1.046596153542066,1.0531903834181056,2.7377396375963463
Swin_B_ImageNet,resize,409,0.28595442953690303,0.2953679610051165,0.313029626443866,2.0774605511546405,0.056348028837380285,1.0,0.029239771510598724,0.1980139848908925,0.16528520316808018,yes,0.054112398427075076,11.285802618985254,0.8219973190232047,1.0915976260909606,1.0088473228621528,1.3871546277744067
Swin_B_ImageNet,translation,409,0.09879428331474349,0.0818858831097778,0.0015450702547659232,0.5302612625598627,0.06392980790671546,1.1269059987865648,0.09543368530101118,0.1980139848908925,0.16528520316808018,no,,12.804337762853626,0.415287595412693,1.027952043050842,1.1836193903716086,2.2180861624961032
ViT_B_16_ImageNet,di09,404,0.3707435311689641,0.3649550960237843,0.2664305096893285,0.2578585293419828,0.5164632376167898,1.18620088771815,0.12568278279098194,10.081643505403258,0.9097606776907763,yes,0.01109644715915423,0.7723543266613626,0.4857396444806722,0.8978774280813558,1.1679329590503345,1.7581088371564546
ViT_B_16_ImageNet,full_di,404,0.2940845726885473,0.28361426587193506,0.2306716266263387,0.3068345280940611,0.5324854144301108,1.16141515753252,0.10808548548776654,10.081643505403258,0.9097606776907763,no,,0.7963149819083946,0.5298646110201725,0.9441521074368298,1.133036408046783,1.8324808094702927
ViT_B_16_ImageNet,resize,404,0.720058120980785,0.7099080248551425,0.7360894909326798,1.212046909801878,0.11895030597568325,1.0055191872971423,0.04249753958616067,10.081643505403258,0.9097606776907763,yes,0.49426319661203433,0.17788639497740938,1.0531070356473942,0.7731689031272779,0.7146268297539251,0.8678046300947866
ViT_B_16_ImageNet,translation,404,0.18655363271026734,0.1793963746916927,0.013673035137754114,0.31988681051258605,0.7877591008041093,1.2218266210405113,0.22624134698228895,10.081643505403258,0.9097606776907763,no,,1.178068651469761,0.5410170684284398,0.9943378721334689,1.2335177243061985,2.705544827823442
